{
    "cycles_program_begin": 1608686455981071,
    "stat": {
        "ru_self_cgstart": {
            "ru_majflt": 0,
            "ru_utime_sec": 0.113175,
            "ru_minflt": 24619,
            "ru_stime_sec": 0.081574999999999995,
            "ru_maxrss_kb": 71676,
            "ru_nvcsw": 24,
            "ru_nivcsw": 33
        },
        "ru_childs_cgstart": {
            "ru_majflt": 0,
            "ru_utime_sec": 0.025669999999999998,
            "ru_minflt": 6309,
            "ru_stime_sec": 0.033049000000000002,
            "ru_maxrss_kb": 21576,
            "ru_nvcsw": 17,
            "ru_nivcsw": 6
        },
        "cpu_cycles_total": 1166590697,
        "cpu_cycles_cgstart": 1608687505995357,
        "totalObjSize": 112580,
        "nMops": 1667,
        "ru_self_end": {
            "ru_majflt": 0,
            "ru_utime_sec": 0.135019,
            "ru_minflt": 27234,
            "ru_stime_sec": 0.105235,
            "ru_maxrss_kb": 78056,
            "ru_nvcsw": 25,
            "ru_nivcsw": 40
        },
        "nQuads": 681,
        "ru_childs_end": {
            "ru_majflt": 0,
            "ru_utime_sec": 0.027772999999999999,
            "ru_minflt": 6896,
            "ru_stime_sec": 0.036202999999999999,
            "ru_maxrss_kb": 21976,
            "ru_nvcsw": 18,
            "ru_nivcsw": 8
        },
        "CodeGen(%)": 14.710182318541449,
        "mop/quad": 2.4478707782672542,
        "cpu_cycles_end": 1608687622571768,
        "mopSpeed": 69612.059965757726,
        "quadSpeed": 28437.800141980209,
        "outputSizePerQuad": 165.31571218795889,
        "Frontend(%)": 85.289817681458544,
        "peak_mem_kb": 254636,
        "realTime": 0.54434609413146973
    },
    "perf": [
        {
            "stat": [
                "main",
                "entry",
                0.035972118377685547,
                0.064269999999999994,
                0.039163999999999997,
                216324,
                216324,
                0.0,
                0.0,
                1723801204.8511901,
                1608686457044448
            ],
            "sub": [
                {
                    "stat": [
                        "doParsingAndDesignResolution",
                        "entry",
                        0.37419891357421875,
                        0.072089,
                        0.061226000000000003,
                        238132,
                        238804,
                        0.0,
                        0.0,
                        1723801205.1894169,
                        1608687232480974
                    ],
                    "sub": []
                },
                {
                    "stat": [
                        "doParsingAndDesignResolution",
                        "exit",
                        0.38786697387695312,
                        0.079849000000000003,
                        0.067033999999999996,
                        238912,
                        239560,
                        0.0,
                        0.0,
                        1723801205.2030849,
                        1608687263837750
                    ],
                    "sub": []
                },
                {
                    "stat": [
                        "doPostDesignResolutionToVir2Vcs",
                        "entry",
                        0.3892369270324707,
                        0.080057000000000003,
                        0.068196999999999994,
                        239068,
                        239560,
                        0.0,
                        0.0,
                        1723801205.2044549,
                        1608687266973443
                    ],
                    "sub": [
                        {
                            "stat": [
                                "doUptoVir2VcsNoSepCleanup",
                                "entry",
                                0.39766907691955566,
                                0.085735000000000006,
                                0.070953000000000002,
                                240204,
                                240208,
                                0.0,
                                0.0,
                                1723801205.212887,
                                1608687286304309
                            ],
                            "sub": []
                        },
                        {
                            "stat": [
                                "doUptoVir2VcsNoSepCleanup",
                                "exit",
                                0.42424392700195312,
                                0.105988,
                                0.077261999999999997,
                                241404,
                                254636,
                                0.0,
                                0.0,
                                1723801205.2394619,
                                1608687347276649
                            ],
                            "sub": []
                        },
                        {
                            "stat": [
                                "doRadify_vir2vcsAll",
                                "entry",
                                0.42438411712646484,
                                0.106129,
                                0.077261999999999997,
                                241404,
                                254636,
                                0.0,
                                0.0,
                                1723801205.2396021,
                                1608687347563109
                            ],
                            "sub": []
                        },
                        {
                            "stat": [
                                "doRadify_vir2vcsAll",
                                "exit",
                                0.43095111846923828,
                                0.112696,
                                0.077261999999999997,
                                242472,
                                254636,
                                0.0,
                                0.0,
                                1723801205.2461691,
                                1608687362657793
                            ],
                            "sub": []
                        }
                    ]
                },
                {
                    "stat": [
                        "doPostDesignResolutionToVir2Vcs",
                        "exit",
                        0.43103194236755371,
                        0.112779,
                        0.077261999999999997,
                        242472,
                        254636,
                        0.0,
                        0.0,
                        1723801205.2462499,
                        1608687362797245
                    ],
                    "sub": []
                },
                {
                    "stat": [
                        "doGAToPass2",
                        "entry",
                        0.43108391761779785,
                        0.11283,
                        0.077261999999999997,
                        242472,
                        254636,
                        0.0,
                        0.0,
                        1723801205.2463019,
                        1608687362905815
                    ],