{
    "ObjArchives": [
        {
            "archive": "archive.5/_61641_archive_1.a",
            "objects": [
                [
                    "iRtwV_d.o",
                    15590
                ],
                [
                    "amcQwB.o",
                    96990
                ]
            ],
            "size": 112580
        }
    ],
    "Modules": {
        "...MASTER...": {
            "child_modules": {
                "std": 1,
                "tb_decoder6_64": 1
            },
            "start_perf": [
                0.49358105659484863,
                0.113175,
                0.081684999999999994,
                241048,
                254636,
                1723801205.308799,
                1608687506380115
            ],
            "nQuads": 0,
            "end_perf": [
                0.50556492805480957,
                0.11561100000000001,
                0.085967000000000002,
                242468,
                254636,
                1608687533917831,
                0,
                0
            ],
            "nMops": 0,
            "nRouts": 5
        },
        "std": {
            "start_perf": [
                0.50584506988525391,
                0.115763,
                0.086080000000000004,
                242468,
                254636,
                1723801205.321063,
                1608687534514805
            ],
            "child_modules": {},
            "Compiled": "Yes",
            "Compiled Times": 6,
            "end_perf": [
                0.51675200462341309,
                0.11973399999999999,
                0.093017000000000002,
                242484,
                254636,
                1608687559559306,
                8589934594,
                0
            ],
            "nQuads": 218,
            "svclass": [
                "$vcs_nba_dyn_obj",
                0,
                37,
                2,
                2,
                0,
                "sigprop$$",
                0,
                37,
                2,
                2,
                0,
                "process",
                0,
                184,
                8,
                8,
                0,
                "event",
                0,
                36,
                2,
                2,
                0,
                "mailbox",
                0,
                107,
                9,
                9,
                0,
                "semaphore",
                0,
                71,
                5,
                5,
                0
            ],
            "nMops": 472,
            "nRouts": 33
        },
        "decoder3_8": {
            "child_modules": {},
            "start_perf": [
                0.5168609619140625,
                0.119796,
                0.093063999999999994,
                242484,
                254636,
                1723801205.3320789,
                1608687559768238
            ],
            "Compiled": "Yes",
            "Compiled Times": 6,
            "nQuads": 70,
            "end_perf": [
                0.51991796493530273,
                0.120834,
                0.095083000000000001,
                242804,
                254636,
                1608687566820090,
                12884901889,
                0
            ],
            "nMops": 116,
            "nRouts": 12
        },
        "tb_decoder6_64": {
            "child_modules": {
                "decoder3_8": 9
            },
            "start_perf": [
                0.52000594139099121,
                0.12088400000000001,
                0.095121999999999998,
                242804,
                254636,
                1723801205.3352239,
                1608687566982170
            ],
            "Compiled": "Yes",
            "Compiled Times": 6,
            "nQuads": 393,
            "end_perf": [
                0.53580713272094727,
                0.13075600000000001,
                0.101039,
                245868,
                254636,
                1608687603299639,
                21474836481,
                0
            ],
            "nMops": 1079,
            "nRouts": 44
        }
    },
    "CompUnits": {
        "iRtwV_d": {
            "mod": "tb_decoder6_64",
            "mode": 4,
            "text": 4252,
            "out": "iRtwV_d.o",
            "bytes": 15590,
            "checksum": 0,
            "archive": "archive.5/_61641_archive_1.a"
        }
    },
    "reusePaths": {
        "amcQw_d": {
            "icPath": "csrc"
        },
        "reYIK_d": {
            "icPath": "csrc"
        },
        "JHR7D_d": {
            "icPath": "csrc"
        }
    },
    "stat": {
        "peak_mem_kb": 254636,
        "ru_self_end": {
            "ru_majflt": 0,
            "ru_utime_sec": 0.13474800000000001,
            "ru_minflt": 27229,
            "ru_stime_sec": 0.10502400000000001,
            "ru_maxrss_kb": 78056,
            "ru_nvcsw": 25,
            "ru_nivcsw": 40
        },
        "ru_childs_end": {
            "ru_majflt": 0,
            "ru_utime_sec": 0.027772999999999999,
            "ru_minflt": 6896,
            "ru_stime_sec": 0.036202999999999999,
            "ru_maxrss_kb": 21976,
            "ru_nvcsw": 18,
            "ru_nivcsw": 8
        },
        "cpu_cycles_end": 1608687621466608
    }
}